{
  "alpha": 1.0,
  "num_byzantine": 0,
  "aggregator": "fedavg",
  "num_clients": 3,
  "num_rounds": 2,
  "partition_stats": {
    "client_0": {
      "num_samples": 2147,
      "class_distribution": [
        333,
        100,
        400,
        19,
        157,
        43,
        506,
        102,
        1,
        486
      ],
      "class_fractions": [
        0.15510013972985562,
        0.04657661853749418,
        0.18630647414997673,
        0.008849557522123894,
        0.07312529110386586,
        0.020027945971122497,
        0.23567768979972054,
        0.04750815090824406,
        0.0004657661853749418,
        0.2263623660922217
      ]
    },
    "client_1": {
      "num_samples": 1609,
      "class_distribution": [
        33,
        358,
        79,
        82,
        240,
        331,
        0,
        247,
        239,
        0
      ],
      "class_fractions": [
        0.020509633312616533,
        0.22249844623990056,
        0.049098819142324425,
        0.0509633312616532,
        0.14916096954630206,
        0.20571783716594158,
        0.0,
        0.15351149782473586,
        0.1485394655065258,
        0.0
      ]
    },
    "client_2": {
      "num_samples": 1244,
      "class_distribution": [
        139,
        2,
        40,
        385,
        122,
        114,
        13,
        137,
        280,
        12
      ],
      "class_fractions": [
        0.11173633440514469,
        0.001607717041800643,
        0.03215434083601286,
        0.3094855305466238,
        0.09807073954983923,
        0.09163987138263666,
        0.01045016077170418,
        0.11012861736334405,
        0.22508038585209003,
        0.00964630225080386
      ]
    }
  },
  "rounds": [
    {
      "round": 1,
      "accuracy": 9.8,
      "time_sec": 64.846
    },
    {
      "round": 2,
      "accuracy": 13.0,
      "time_sec": 64.767
    }
  ]
}