{
  "alpha": 0.5,
  "num_byzantine": 0,
  "aggregator": "krum",
  "num_clients": 3,
  "num_rounds": 2,
  "partition_stats": {
    "client_0": {
      "num_samples": 1090,
      "class_distribution": [
        41,
        57,
        216,
        447,
        0,
        78,
        44,
        50,
        147,
        10
      ],
      "class_fractions": [
        0.03761467889908257,
        0.05229357798165138,
        0.1981651376146789,
        0.41009174311926605,
        0.0,
        0.07155963302752294,
        0.04036697247706422,
        0.045871559633027525,
        0.13486238532110092,
        0.009174311926605505
      ]
    },
    "client_1": {
      "num_samples": 2068,
      "class_distribution": [
        216,
        217,
        302,
        0,
        332,
        158,
        152,
        289,
        12,
        390
      ],
      "class_fractions": [
        0.10444874274661509,
        0.10493230174081238,
        0.14603481624758222,
        0.0,
        0.16054158607350097,
        0.07640232108317214,
        0.0735009671179884,
        0.13974854932301742,
        0.005802707930367505,
        0.1885880077369439
      ]
    },
    "client_2": {
      "num_samples": 1842,
      "class_distribution": [
        248,
        186,
        1,
        39,
        187,
        252,
        323,
        147,
        361,
        98
      ],
      "class_fractions": [
        0.13463626492942454,
        0.10097719869706841,
        0.0005428881650380022,
        0.021172638436482084,
        0.10152008686210641,
        0.13680781758957655,
        0.1753528773072747,
        0.07980456026058631,
        0.1959826275787188,
        0.053203040173724216
      ]
    }
  },
  "rounds": [
    {
      "round": 1,
      "accuracy": 10.7,
      "time_sec": 64.86
    },
    {
      "round": 2,
      "accuracy": 16.9,
      "time_sec": 64.813
    }
  ]
}