{
  "alpha": 0.5,
  "num_byzantine": 1,
  "aggregator": "krum",
  "num_clients": 3,
  "num_rounds": 3,
  "partition_stats": {
    "client_0": {
      "num_samples": 21589,
      "class_distribution": [
        3058,
        115,
        622,
        2530,
        722,
        3677,
        810,
        4514,
        3919,
        1622
      ],
      "class_fractions": [
        0.14164620871740238,
        0.005326786789568762,
        0.028810968548798,
        0.11718930937051276,
        0.03344295706146649,
        0.17031821761082033,
        0.037519106952614754,
        0.20908796146185557,
        0.18152762981147808,
        0.07513085367548289
      ]
    },
    "client_1": {
      "num_samples": 13654,
      "class_distribution": [
        963,
        578,
        730,
        2391,
        1259,
        1188,
        3235,
        467,
        294,
        2549
      ],
      "class_fractions": [
        0.0705287827742786,
        0.04233191738684634,
        0.05346418631902739,
        0.17511351984766368,
        0.09220741174747327,
        0.08700747033836238,
        0.23692690786582687,
        0.03420243152189834,
        0.021532151750402812,
        0.1866852204482203
      ]
    },
    "client_2": {
      "num_samples": 14757,
      "class_distribution": [
        979,
        4307,
        3648,
        79,
        3019,
        135,
        955,
        19,
        787,
        829
      ],
      "class_fractions": [
        0.06634139730297486,
        0.2918614894626279,
        0.24720471640577354,
        0.005353391610760995,
        0.20458087687199294,
        0.00914820085383208,
        0.06471505048451583,
        0.0012875245646134037,
        0.05333062275530257,
        0.056176729687605884
      ]
    }
  },
  "rounds": [
    {
      "round": 1,
      "accuracy": 52.79,
      "time_sec": 94.726
    },
    {
      "round": 2,
      "accuracy": 57.23,
      "time_sec": 96.107
    },
    {
      "round": 3,
      "accuracy": 57.59,
      "time_sec": 96.158
    }
  ]
}