{
  "alpha": 1.0,
  "num_byzantine": 0,
  "aggregator": "trimmed_mean",
  "num_clients": 3,
  "num_rounds": 3,
  "partition_stats": {
    "client_0": {
      "num_samples": 18372,
      "class_distribution": [
        2213,
        2187,
        2608,
        1108,
        1835,
        1130,
        4677,
        67,
        1797,
        750
      ],
      "class_fractions": [
        0.12045504027868495,
        0.1190398432397126,
        0.14195514913999566,
        0.06030916612236011,
        0.0998802525582408,
        0.0615066405399521,
        0.2545721750489876,
        0.003646853908121054,
        0.09781188765512737,
        0.04082299150881777
      ]
    },
    "client_1": {
      "num_samples": 14148,
      "class_distribution": [
        911,
        714,
        68,
        3006,
        2234,
        1708,
        202,
        1043,
        3089,
        1173
      ],
      "class_fractions": [
        0.06439072660446707,
        0.05046649703138253,
        0.004806333050607859,
        0.21246819338422393,
        0.15790217698614645,
        0.12072377721232683,
        0.014277636415040994,
        0.07372066723211762,
        0.21833474696070115,
        0.08290924512298559
      ]
    },
    "client_2": {
      "num_samples": 17480,
      "class_distribution": [
        1876,
        2099,
        2324,
        886,
        931,
        2162,
        121,
        3890,
        114,
        3077
      ],
      "class_fractions": [
        0.10732265446224257,
        0.12008009153318078,
        0.13295194508009153,
        0.05068649885583524,
        0.05326086956521739,
        0.12368421052631579,
        0.006922196796338672,
        0.2225400457665904,
        0.006521739130434782,
        0.17602974828375287
      ]
    }
  },
  "rounds": [
    {
      "round": 1,
      "accuracy": 53.32,
      "time_sec": 98.242
    },
    {
      "round": 2,
      "accuracy": 64.77,
      "time_sec": 97.45
    },
    {
      "round": 3,
      "accuracy": 69.85,
      "time_sec": 95.83
    }
  ]
}