{
  "alpha": 0.1,
  "num_byzantine": 1,
  "aggregator": "trimmed_mean",
  "num_clients": 3,
  "num_rounds": 3,
  "partition_stats": {
    "client_0": {
      "num_samples": 25190,
      "class_distribution": [
        4072,
        239,
        4999,
        740,
        4996,
        35,
        4991,
        124,
        8,
        4986
      ],
      "class_fractions": [
        0.16165144898769354,
        0.009487892020643112,
        0.19845176657403732,
        0.029376736800317587,
        0.19833267169511712,
        0.001389440254069075,
        0.1981341802302501,
        0.0049225883287018655,
        0.00031758634378721714,
        0.1979356887653831
      ]
    },
    "client_1": {
      "num_samples": 1315,
      "class_distribution": [
        453,
        2,
        0,
        0,
        0,
        848,
        0,
        1,
        0,
        11
      ],
      "class_fractions": [
        0.34448669201520915,
        0.001520912547528517,
        0.0,
        0.0,
        0.0,
        0.6448669201520912,
        0.0,
        0.0007604562737642585,
        0.0,
        0.008365019011406844
      ]
    },
    "client_2": {
      "num_samples": 23495,
      "class_distribution": [
        475,
        4759,
        1,
        4260,
        4,
        4117,
        9,
        4875,
        4992,
        3
      ],
      "class_fractions": [
        0.02021706746116195,
        0.2025537348371994,
        4.256224728665674e-05,
        0.1813151734411577,
        0.00017024898914662695,
        0.1752287720791658,
        0.0003830602255799106,
        0.2074909555224516,
        0.21247073845499043,
        0.0001276867418599702
      ]
    }
  },
  "rounds": [
    {
      "round": 1,
      "accuracy": 19.45,
      "time_sec": 88.538
    },
    {
      "round": 2,
      "accuracy": 24.8,
      "time_sec": 92.405
    },
    {
      "round": 3,
      "accuracy": 29.64,
      "time_sec": 92.912
    }
  ]
}