{
  "alpha": 0.1,
  "num_byzantine": 1,
  "aggregator": "krum",
  "num_clients": 3,
  "num_rounds": 2,
  "partition_stats": {
    "client_0": {
      "num_samples": 2035,
      "class_distribution": [
        0,
        456,
        0,
        0,
        3,
        472,
        8,
        367,
        304,
        425
      ],
      "class_fractions": [
        0.0,
        0.22407862407862408,
        0.0,
        0.0,
        0.0014742014742014742,
        0.23194103194103194,
        0.003931203931203931,
        0.18034398034398033,
        0.1493857493857494,
        0.20884520884520885
      ]
    },
    "client_1": {
      "num_samples": 1371,
      "class_distribution": [
        503,
        0,
        158,
        486,
        0,
        0,
        9,
        0,
        215,
        0
      ],
      "class_fractions": [
        0.36688548504741064,
        0.0,
        0.11524434719183078,
        0.3544857768052516,
        0.0,
        0.0,
        0.006564551422319475,
        0.0,
        0.15681983953318746,
        0.0
      ]
    },
    "client_2": {
      "num_samples": 1594,
      "class_distribution": [
        2,
        4,
        361,
        0,
        516,
        16,
        502,
        119,
        1,
        73
      ],
      "class_fractions": [
        0.0012547051442910915,
        0.002509410288582183,
        0.22647427854454202,
        0.0,
        0.3237139272271016,
        0.010037641154328732,
        0.31493099121706397,
        0.07465495608531995,
        0.0006273525721455458,
        0.045796737766624844
      ]
    }
  },
  "rounds": [
    {
      "round": 1,
      "accuracy": 13.6,
      "time_sec": 64.88
    },
    {
      "round": 2,
      "accuracy": 11.2,
      "time_sec": 64.833
    }
  ]
}